Moran_I,p_value,FDID
0.12379738825221176,0.0004269516388505464,10005
0.07448250014415038,0.15700444179975268,10010
0.028451660041361706,0.565564867879494,10020
-0.038567392469189936,0.51613305469988,10030
0.09604755711306387,0.07004990514465147,10040
-0.017819211180331893,0.7868441510055463,10045
0.33212591284968285,9.337243226842697e-10,10065
0.03636965459571207,0.4720205994097242,10080
-0.008635398896294888,0.91820537689968,10090
0.08820895406301009,0.0952713669834385,10095
-0.012088526196527546,0.8683488395063879,10555
0.012308633499638549,0.7796394906546896,11065
0.00542833788984491,0.8774995444842962,11555
0.03591088911834591,0.47719749578309034,12010
0.11133853952176752,0.036505420305346606,12020
-0.006382838718168067,0.9509148687411534,12025
0.05867886938114804,0.259907437824043,12045
0.03252074387983048,0.5163992419529866,12060
0.05579009669835295,0.28288781865210566,12135
-0.002776185226596845,0.9965632272176547,12140
0.09981145598777076,0.036747340065281915,12190
0.07784682048436821,0.010540273701233826,13005
0.005593566728319968,0.7865984795870186,13010
0.19587582210246837,2.1978343790119405e-13,13020
0.06068333770308954,0.051267701453946886,13025
-0.0008407030000435711,0.9958845625268249,13030
0.12161622711448633,0.0002764607606860216,13060
0.0016293079875317488,0.9355756493738743,14005
0.028652790294335942,0.44762112119627795,14015
0.11124164514124696,0.00460875583652803,14555
0.0363693721050521,0.340514579870285,15005
-0.006632702619801961,0.899236576803995,15010
-0.00545125434830992,0.9227582926631968,15065
0.00917469968312399,0.7869330099602531,16015
0.016898593745229493,0.6070045500934174,17020
0.03279552686999849,0.39100219762153654,17040
0.15837618753028526,1.822702634144659e-05,17055
-0.002137627287206348,0.9648708494863163,17060
-0.00986103869928687,0.7782348355647783,17555
-0.009773102766159237,0.9071291976438729,18020
-0.0782936127347195,0.4700114674444742,18035
-0.11803580282351714,0.25243754882977587,18050
-0.10325475077615913,0.32527068937950976,18065
-0.10051222142343638,0.33958616953229126,18075
-0.008468311042408767,0.9940780679554269,18410
-0.09764453850383327,0.35498032433173254,19005
0.07765442687683069,0.3630484162998764,19010
0.03650531318240043,0.631067517244573,19015
-0.0691765270925206,0.5306277750810958,19025
0.0716289769251908,0.39726606503964246,19030
0.06618127203865745,0.4282411951233117,19040
-0.13283819380582007,0.19591354894683877,19050
-0.006318737440392801,0.9754503837367339,19055
-0.012145077215940424,0.975085056543542,19065
0.4475920223946831,1.7437869823350872e-06,19075
-0.030033559043726003,0.8264234031115658,19100
-0.033395303175970996,0.8005856354683146,19105
0.19148155982688522,0.03565862642720739,19110
-0.023646824841292338,0.8790702620792685,19120
0.4690425293831418,5.570614224625093e-07,19125
-0.062209666552404806,0.5794842714248638,19130
-0.017953606609469326,0.9264630609533681,19135
0.10423285922142708,0.23494329456334961,19145
0.030006287660873588,0.6811290089470311,19155
-0.021196428297222177,0.8994254487159765,19165
-0.038260010435052894,0.7615092025082086,19175
0.3142952973958513,0.0011442093629939593,19180
0.05402367750636886,0.539078350618871,19185
0.02888100804996314,0.7047000711054339,19195
0.08291086117173074,0.37644629371163973,19200
-0.06184981120443863,0.6384593246366523,19205
-0.10466343375461698,0.38408217542933665,19225
-0.06183125841184387,0.6385833466531952,20005
0.05850563909774436,0.5117349780061023,20010
-0.1206829571500719,0.3075999524459242,20015
0.005991461798910642,0.8690706658936702,21010
0.11506466006201319,0.2359068224199472,21030
-0.055437735309536315,0.6819046498720642,21035
-0.04844601646758668,0.7305048762902571,21045
0.0659772055719713,0.46781471458675983,21055
-0.17086806101588298,0.13628190162222067,21065
0.06356968215158923,0.48173454272380023,21075
0.03564765458422178,0.6582798547428101,21080
0.029121979583925556,0.7030266658027434,21095
-0.16308602852083134,0.1564901039201506,21100
0.029689234184239733,0.6983944852311097,21105
-0.007929947170098036,0.9724015062398519,22025
0.005266431265548501,0.8744126833146976,23010
-0.15212516691441383,0.18870138468968245,23030
-0.07834895792980555,0.5324878705077529,23040
-0.0794468133708977,0.5257651305941708,23045
-0.09156466827785141,0.45454875739226996,23070
-0.15828348973909454,0.17004942401706546,23080
0.09972580141780729,0.2975154348368739,23090
-0.0678375228899617,0.598976865735011,24005
0.09892533936651586,0.3010017953890831,24030
-0.1065879108440182,0.37432349708865564,24035
0.1767741935483871,0.07796678806631396,25055
0.07868937048503612,0.39812833999133934,26005
-0.158871100841723,0.16834460035705556,26015
0.07876626938612678,0.39772677035614445,26030
0.20342801829166526,0.04422325911089401,26042
-0.07868474923234388,0.5304270355607299,26045
-0.06719764011799412,0.6031430755983811,27005
0.17532433834976646,0.08028361476424943,27010
-9.449711783790432e-05,0.9140738263180682,27024
0.025671036204744074,0.7265772980821057,27025
-0.04088588082277565,0.7842961848956401,27035
-0.03692765567765569,0.8128947314871415,27045
0.021652358122421694,0.7555303815383124,27055
-0.03236994219653179,0.846134114124042,27060
0.058493489654896695,0.511808108183208,27070
0.05445963645656965,0.5363868689859755,27075
0.170456212410151,0.08847476293986961,27080
0.06378244377408081,0.48049538892251975,27095
-0.02467791815168704,0.9028276188140182,27115
-0.1131842954837366,0.3420528942938411,27155
0.09855612244897957,0.30261903062052464,27900
0.05848447431278087,0.5118623770411654,27910
0.12588779566038963,0.19825594950167147,28015
-0.13732296099909294,0.23961583765719308,28020
0.08115348250866686,0.3853823976331968,28025
-0.2805763644702645,0.011864020750605117,29005
-0.06520754675803671,0.6161828725232816,29015
0.1255899207820664,0.1992296044340881,29030
-0.06825587633372408,0.5962600829556863,29042
-0.0818275684047496,0.5113371107132667,29050
-0.059607609744084404,0.6507715093774671,29060
0.051435281837160764,0.5551964086843455,29065
-0.10088295433422144,0.4037003115390405,30005
-0.01914240108348652,0.9439530550300302,30010
-0.031749262236694845,0.8506833951668793,30020
0.1613130002163098,0.10567144844906762,30025
-0.006707350222898773,0.9632827033611555,30030
-0.09126676839683874,0.45623176168724366,30040
0.022051629412207424,0.7526926348329122,30045
0.23466007079967327,0.021213562180258095,30055
0.0896927109881308,0.34317473343019833,30060
-0.16641576122529128,0.14758154499921944,30065
0.08596999999999999,0.3611988814265731,31010
0.021180226696404014,0.7588902265868073,31030
0.2003078090740428,0.04739232374451911,31040
-0.05338395200599925,0.6960551042576729,31044
-0.08917639286500773,0.468139539106901,31050
0.01156478022553502,0.8282234925317085,31060
-0.13236041992081077,0.2586784540337034,31070
0.027245846240495662,0.7160927170790305,31075
0.08028470840348997,0.3878444068054142,31080
-0.09660341319603041,0.42661734308037014,31085
-0.039831714668452776,0.7918859507010589,31115
-0.01748686966817449,0.9562867475205373,31125
0.2910722100656455,0.004626813132596585,31150
-0.02587726169029528,0.8939476779226408,31555
-0.11661078436761392,0.32601435744181817,32005
-0.027440896530549583,0.8823906225944357,32010
-0.04172827694181097,0.7782457927181018,32020
-0.0391180310429863,0.7970355854674829,32030
0.07982716480446926,0.39221167893733666,32032
0.16884950914516095,0.09132158222299205,32043
0.014549404839278742,0.8065312321568238,32050
-0.021526418786692744,0.9262164852941585,32065
-0.014930356802137014,0.9753522681632628,32070
0.00824635127197142,0.8524958885698365,32075
0.035305999656180156,0.6605941858035658,33016
-0.11843605137168478,0.31767362880406846,33017
-0.03558123334141023,0.8226820073472713,33018
-0.04572864321608041,0.7497026537203251,33025
0.09999586708546866,0.2963452946640909,33040
0.04407351837959488,0.6010939434048819,33045
-0.07427173546282757,0.5578297795986489,33055
0.046160347742091296,0.5887547417929964,33065
-0.09856806590819935,0.41600376338796496,33067
-0.14287262687112087,0.21949660843075613,33075
-0.0012474169648707116,0.9226348377683287,33088
0.12064722737232428,0.21589859135645517,33090
-0.03368964502995495,0.8364785480758774,34015
-0.08432266028620632,0.49644109156240845,34020
-0.07070063694267517,0.5804973202937848,34035
0.10695660060768217,0.2672471385183668,34050
0.13585345274679347,0.1676572803524582,34055
-0.12210599721059977,0.30133052484519207,34080
0.19014153150343094,0.059070807673204474,34090
-0.10075716419937528,0.40436322680745684,34125
0.07935614109647257,0.394654559760793,34130
-0.13291175791175788,0.25651014388252014,35555
0.23215367222513825,0.022565432557463936,36010
0.13363259668508295,0.1741487205816572,36035
0.05855676808556768,0.5114272811236642,36042
0.05939568189215582,0.5063924834612817,36058
-0.06122826489086198,0.6398281177005827,36065
0.008269794721407622,0.8523238937698241,36107
0.054493109307154994,0.5361804973694795,36125
-0.05620436790056398,0.6766508116225872,36140
-0.007086172574196384,0.966107711886146,36150
-0.052019082498072466,0.7055182232131945,36165
-0.025727707775387475,0.8950542733890263,36170
-0.020861766426203934,0.9311580489273724,36180
-0.12820986824415168,0.27540954775455595,36185
0.06767955801104972,0.45810811719937405,36193
-0.012090119266340729,0.9965497548210661,36194
-0.07444455367675973,0.5567438327084921,36220
-0.0074841681059297695,0.9690761590611511,37005
-0.011137471991564517,0.9963390841878988,37007
0.01725291886666171,0.7870092528429689,37010
-0.13405327106844814,0.2520609852948663,37025
-0.040434012400354324,0.7875470729662196,37030
0.09484118636937316,0.3192122830098705,37045
0.23451782044923117,0.021288354891863915,37047
-0.11397957139995993,0.3382861517925301,37050
-0.020767766617040124,0.9304704403448545,37065
0.04290005701004254,0.60995365906908,37070
0.23542116630669546,0.020817267976942614,37075
-0.05573896172982445,0.6798384467303293,37084
-0.07133711675548485,0.5764258252563987,37085
-0.03561046511627906,0.8224692195598959,37090
-0.08286670954560937,0.5051050779752793,37110
0.049916041643344886,0.5647651997687886,37113
0.12048496186501656,0.21646235750792298,37115
-0.02193934002993948,0.9796606908423572,37125
-0.18380153035558267,0.40895780331367204,37135
-0.12387836490528412,0.6210551641632599,37140
-0.043628808864265935,0.9596622493802898,37145
-0.07908163265306123,0.8051940785920496,37148
-0.08520721055565879,0.7790901311266363,37150
-0.12608182533438245,0.6124772375177758,37152
-0.11769911504424779,0.6453838940943126,37160
0.13314938398357287,0.3539257336668806,37170
-0.25460707477229394,0.2234969615520933,37175
-0.024443961063679385,0.9557287389016451,37215
0.28560548362528565,0.0767138235447719,37224
-0.08623548922056384,0.7747316056297133,37235
-0.055439330543933046,0.9077402625668644,38005
-0.3134201585503964,0.1155049642881838,39010
-0.041573329819475535,0.9687224181418523,39025
-0.10885138118836177,0.6808843773759208,39030
-0.09187408491947292,0.7509608997639511,39040
-0.04350043719032356,0.9602279474636347,39045
0.15852575488454707,0.28582183623943047,39050
-0.037471165709994106,0.9868149065396454,39055
-0.03758517166544666,0.9863119514978405,39060
0.057750759878419454,0.6100171036553653,39065
0.04170785961443401,0.6735125152996138,39075
-0.2839958158995816,0.16764794147233653,39095
-0.1970588235294118,0.3686305245699538,39105
-0.14633105802047786,0.5362337458341179,39120
0.07715658666391094,0.5369954675772726,39125
0.13621076233183854,0.34520496687305025,39130
-0.16228802389948155,0.47971569210055853,40010
-0.07775804223406353,0.8108642562111913,40015
-0.2511480042387849,0.23085731435513024,40020
-0.06666666666666667,0.8587416639339447,40040
0.23802946593001847,0.1318143064433467,40050
0.2305246422893482,0.14278883902200276,40055
0.0859441151566469,0.5054382084224393,40060
0.14620107444359176,0.31770892518874727,40065
0.01664363773395301,0.777385589215343,40075
0.01427151377449589,0.7874603809828737,40080
-0.03245216018938648,0.991040616194522,41030
-0.37283236994219665,0.06133609150791045,41045
-0.07085320853208532,0.8405987423635787,41050
0.05594775855983058,0.6170198108110476,41070
0.11269081113439092,0.4157216357464131,41080
-0.010612521806551657,0.8949828596483465,41095
-0.09162134996520709,0.7520215018554353,41100
-0.07858376511226253,0.807325727109795,41105
-0.04637436762225968,0.947568664300662,41115
0.00856009464820099,0.8118610073258818,41120
0.27779075198505376,0.0841919694647236,41556
0.10220994475138122,0.44970482515486676,42005
-0.28944020356234096,0.15856676965971583,42010
-0.07154917686787673,0.8375905927065358,42015
-0.08293627159023227,0.7887403378052388,42025
-0.11457777099702494,0.6578211351143928,42030
-0.059211974466211736,0.8912268705399191,42035
0.17979452054794526,0.23603801660558443,42040
0.20556478405315612,0.18435759239522476,43010
0.1201690821256039,0.39242892415721853,43030
0.011649041639127566,0.7986399188492472,43040
-0.043478260869565216,0.9603256743468265,43045
0.08310790501953712,0.5155156236933298,43050
-0.05025620811982655,0.924238047259317,43060
-0.040356195528609314,0.974089298227961,43070
0.21663533834586463,0.16493105972785682,43080
0.18114973262032089,0.23308787609720716,43090
0.011763789342474297,0.7981498691636771,43105
0.08344500566951858,0.5143124247299576,43810
0.24663482414242294,0.12004775581788481,44015
0.1455387615797172,0.31948610084293716,44020
-0.269114307342922,0.1944569437712078,44035
-0.12309189632209816,0.6241294352073811,44040
-0.22994409345029768,0.2797432550701402,44045
-0.25647948164146867,0.21958352588511898,44055
-0.01231971153846154,0.9024546644341646,44065
-0.05677221369786582,0.9019011138560049,44070
-0.08345481049562684,0.7865339240321179,44090
0.18289950008619202,0.22931764461873727,44095
-0.13709072731817043,0.5704292099599415,45010
0.18356317554975776,0.2278990337013055,45015
-0.31001534384154,0.12758659804043465,45020
0.1391566708367061,0.3369436539696411,45025
-0.07431102362204724,0.825676998644458,45035
-0.07564595634039326,0.8199327678324202,45055
0.19768962510897986,0.19917433817435037,45555
0.0514453427843615,0.6346585068766603,46020
-0.26485148514851486,0.2026870638806092,47010
0.17911375543912622,0.2375298890697265,47045
-0.31306130417805544,0.12343063964194848,47060
0.007554706495310863,0.8161759932127489,47065
0.25182260024301334,0.11336188558337668,47067
0.25133286389699216,0.1139802290985305,47075
-0.14427662957074722,0.5437464926448494,47080
-0.02381095906926276,0.9529403329300307,47085
-0.11229468206212387,0.6669788934125571,47120
-0.032705721672113545,0.9921593387659207,47555
0.13075810782896097,0.36083359023252237,48005
0.1784099973411327,0.23907913925318125,48015
-0.05333730631704409,0.916958913075568,48025
-0.16749895963379108,0.4619886183335077,48030
0.02364905524130459,0.7478561588250991,48040
-0.007296137339055781,0.8804953241685265,48050
-0.1222670564499526,0.6273607435358792,48055
0.14111427409516064,0.3315247825920443,48060
-0.08381300014039028,0.7850108050378423,48070
0.012705640423031737,0.7941305548514319,48090
0.13562996868224525,0.34684882159548536,48555
-0.18435489710100533,0.4072237204284387,49040
-0.12877892247931094,0.6020495533745702,49055
0.18966047011829776,0.21515800892214332,49062
-0.06969755719271037,0.8380833733278679,49065
-0.09511054835881949,0.7374213044040914,49080
0.042363636363636346,0.6708668287886674,49090
0.07225712904784919,0.5550103859808335,49104
-0.10922298612011931,0.6793783449065053,49110
0.28722404884922487,0.07523474985547404,49115
0.07757994186046516,0.5354527333914052,49140
-0.07128591181441081,0.8387282136404495,49145
-0.4005938723174519,0.042909967890722885,49200
0.3307162606291408,0.043430977593551905,49203
-0.19038076152304617,0.3886258643809323,49205
0.0066915961424916385,0.8198847991732314,50005
-0.05265576180849105,0.9199503585708957,50030
-0.11080178173719378,0.6729941551609449,50040
0.0373206669251648,0.6913150001480286,50060
0.02296819787985866,0.7507107301646718,50075
-0.19384684820219641,0.3781666042253905,50080
0.24541931679373236,0.12165806517661612,50100
-0.2489651094027203,0.2355899112854607,50110
-0.04706664696320377,0.94452112137097,50130
-0.025861132239487127,0.9619733637067345,52020
-0.0327313769751693,0.992272531800419,52555
0.11618257261410786,0.40474575745432595,53014
-0.13328539678389328,0.5848074286723262,53020
0.11366134718168379,0.4126533834613101,54005
0.1430707131110779,0.3261657480648308,54010
-0.17310180117424617,0.4433432685098895,54015
-0.025096525096525095,0.9586038835738476,54035
0.04482697843839962,0.6609652712409446,54040
0.5830901811766298,0.000637438863045426,54045
0.07501847745750186,0.5448208612621266,54065
0.1296607793664144,0.3640316462601184,54555
0.05319049181865065,0.6277963196516956,55010
-0.12971698113207547,0.5984416220828513,55020
0.31333038086802484,0.05443009369566481,55030
-0.276305548348838,0.18113322805677023,55035
-0.06005922635572828,0.8875245487333895,55045
0.011859781696053739,0.7977399784839719,55050
0.24960547080483952,0.11618246767054166,56005
-0.00525210084033614,0.8715855727595272,56010
-0.15554231227651966,0.5032044520141548,56020
0.08174919663943629,0.5203799742905504,56025
-0.05060049452490288,0.9289780592093775,57010
-0.3039289155336687,0.13621622017307747,57020
-0.09992542878448919,0.7174295072190763,57035
0.03290676416819013,0.7093997465901859,57055
-0.0255032021957914,0.9603959449686852,57065
0.031632719889973133,0.7146509349673786,57070
0.09462430055955239,0.4721118936477162,57075
0.19864597093791272,0.19732994685824212,57085
-0.19787590832867524,0.36622875013097655,57090
0.03571102383779341,0.6978903394015931,57095
-0.04055619930475087,0.9732073066274188,58004
-0.0013696871121003306,0.854708214484272,58005
0.07908393501805051,0.5299902055005729,58008
-0.17951860931580121,0.4225271510336558,58015
-0.20905242591989584,0.3343615851954448,58020
-0.2753874933190807,0.18279541692254153,
0.04116394606103618,0.6757099678611694,
0.1457725947521866,0.31885791789424256,
-0.09170487703209673,0.7516709286458834,
-0.004091110128261837,0.8665321015103886,
-0.09523809523809523,0.7368893517202941,
0.019888359747052844,0.7636654456015934,
0.048720599638149405,0.6454354842984061,
-0.003060743996232926,0.8620517611328162,
-0.2609300476947536,0.21047957378939208,
-0.12256874580818242,0.6261780426213293,
-0.22485759641423111,0.2924472997359606,
0.04632867132867133,0.6549579651059416,
0.3522608392421248,0.032461399679502824,
0.22466577349562447,0.1518335820116786,
0.20282835608277863,0.1894106659730419,
0.45075519194461916,0.007288786009124459,
-0.0989291798491117,0.7215506946070502,
-0.07212793733681462,0.8350908495732086,
-0.4108371256217589,0.03741284007178577,
-0.36474036850921265,0.06780263209104713,
-0.11745191341062929,0.6463653388048713,
-0.2233606557377049,0.29625872894765237,
-0.08931506849315071,0.7617212194319307,
-0.18855316676350956,0.39421104456013223,
0.04921788592194657,0.6434629543868123,
-0.012103505843071745,0.9015079116031287,
-0.009384984025559122,0.8896160460079447,
-0.11076964190272583,0.6731238865131945,
-0.01362862010221464,0.9081892174526975,
0.17017133956386296,0.2577471123179169,
-0.4380028395646001,0.025650944155581543,
0.16657126502575842,0.2662139573450921,
-0.20332427346853435,0.3504641652964404,
-0.07230672235794781,0.8343189888453875,
-0.06626506024096386,0.8604861644294682,
0.002353592690018016,0.8385847393160474,
-0.43156456388066505,0.028102508339462876,
0.008245877061469254,0.8132089783028076,
-0.04332641117613746,0.9552181250921603,
0.043134872417982986,0.6677605449070999,
0.12230603448275862,0.38592113922238336,
0.013247511413816335,0.7918206079768662,
0.16852226720647775,0.26160201983625897,
-0.01197641567375018,0.900951456036824,
0.3119772653759068,0.05537588550468569,
0.1479331823329558,0.31309187104613256,
-0.21551320106233404,0.3167814603214728,
0.08141184817311103,0.5215913807071413,
-0.18536434746809385,0.4040717284308567,
-0.10267857142857142,0.7060835864667961,
0.1721183800623053,0.2532466147672836,
0.06370335155692892,0.5871527127695405,
0.05557426743011116,0.6184748130163937,
-0.018955584463854307,0.9315738273285826,
-0.005657838399902146,0.8733528837542546,
0.10857230486121758,0.4288909425207096,
0.004258943781942078,0.8303594039703197,
-0.08792701863354037,0.7675772633493768,
0.2208544532947139,0.15794749539634567,
0.07185509554140125,0.5565016420947302,
-0.024430461316856826,0.955669266054097,
-0.2277997874190743,0.28505240355975203,
-0.10275452335943827,0.7057714928564851,
-0.18905472636815926,0.3926734491010849,
-0.21835143211136213,0.3092537445508592,
0.10674514794782052,0.4348102705024114,
0.16325181758096505,0.2741887031181076,
0.3314176245210728,0.04302987041996476,
0.12379182156133829,0.38143546872272516,
0.23529411764705876,0.13573601960748508,
-0.039163328882955074,0.9793503117025304,
0.08976833976833976,0.4920162762352368,
0.03967855349070815,0.6817251143927257,
-0.2039036544850498,0.34881344458837726,
-0.027299199223489425,0.9683124474609804,
-0.11930585683297183,0.63901988446547,
-0.02645985401459854,0.9646122954423567,
0.21939680662329986,0.16033444641554617,
0.30715460526315785,0.05885886697935275,
0.08568548387096775,0.5063528401863406,
0.13850366575390863,0.3387638437476572,
-0.17719486081370447,0.4299984273052261,
-0.057697184884605617,0.8978520604827093,
-0.004377165785154113,0.867776724452927,
-0.20496083550913838,0.34581417051127394,
-0.00790513833992095,0.8831528792979977,
-0.19539148836115688,0.36246816529113446,
-0.17512835139760413,0.43670662228891743,
-0.029099488792764458,0.9762510054298756,
0.17517814726840858,0.24628521239046264,
-0.060122431132487976,0.8872484537849,
-0.020573108008817037,0.938687172002582,
-0.12498273719099573,0.6167493769224177,
-0.1537017167381974,0.5097173654795584,
-0.0378324764179588,0.9852209470036046,
0.18210862619808307,0.23101633484803685,
-0.1466552315608919,0.5350530802711916,
0.18174375767498982,0.23180302972601896,
-0.16237211064797277,0.47942672241923234,
-0.008862005908003926,0.887331098968321,
0.03735325506937034,0.6911821167624688,
-0.09443231441048038,0.7402520845621418,
-0.1271466314398943,0.6083508751363074,
-0.13947898899054118,0.5614921951981942,
-0.1938823529411766,0.37806037015405414,
0.15630885122410546,0.29139202415094034,
-0.0057839941108423654,0.8739025218416004,
0.04122076892588189,0.6754802694169801,
-0.08446496469310154,0.7822405915237183,
-0.25751860536242227,0.21743304037637223,
0.04420731707317073,0.6634505449244401,
-0.4090808538878442,0.03831040788134858,
-0.0015527950310559005,0.8555027794191818,
0.0894858909934287,0.4930010071547736,
0.2996108949416342,0.06467043376356729,
0.22225179664626035,0.15568465581529312,
0.15256175663311985,0.3009718804452851,
-0.19484240687679075,0.37519475606940156,
-0.15295425667090226,0.5123747805965368,
-0.033276450511945395,0.9946774684048516,
-0.14175257731958765,0.5530477104162103,
0.13049713193116633,0.3615925768234005,
-0.2835786568537258,0.16835954805483122,
-0.10900112004887486,0.6802773654796643,
0.3778767631774313,0.02258766109665569,
0.0972722593926917,0.4662451894317009,
0.17939046469523232,0.23692268907321068,
-0.16485638426261157,0.4709323545846825,
0.05809308787773532,0.6086915269203036,
-0.09602400600150036,0.7336143873439487,
-0.03952553898462251,0.977752716478325,
-0.03767187794311548,0.9859294368709095,
0.03365384615384615,0.7063269121248033,
0.011739338763775727,0.7982542828797463,
0.22935951963972978,0.13989550011650176,
-0.1731974921630094,0.4430286042545981,
-0.08203973921142503,0.7925591274454439,
0.012118491921005373,0.7966355547885442,
-0.1710623796117944,0.45007987050250664,
0.03133769878391018,0.7158688537537633,
0.17020678013785345,0.2576647004338969,
-0.010406811731315057,0.8940831499388692,
0.06643625192012287,0.5767900330158573,
0.2820453493752893,0.08005061029055321,
0.052936476228525764,0.6287931666452705,
0.1461798703129405,0.3177657213708879,
-0.06875834445927906,0.8496671551833539,
0.11285312105620811,0.41520757311225465,
0.09075750357313009,0.48857598547140735,
0.08013577331759149,0.5261868085963458,
0.1873092019188836,0.2200090799767428,
-0.18131868131868129,0.41679222378390235,
0.064604412008625,0.583726532645767,
-0.22779922779922776,0.2850537979741561,
0.2660753880266075,0.09649693384205811,
-0.1951858913250715,0.37417277586185504,
0.03710774370600166,0.6921834626007355,
-0.3668105139270303,0.06609716681810833,
-0.21783980582524268,0.31060190145995115,
-0.21744397334948515,0.3116475941997847,
0.2049368541905855,0.1855082088622032,
0.04942166140904311,0.6426553850356713,
-0.07066508313539191,0.8414122692197309,
-0.290386803185438,0.15702658902608005,
0.09218054672600126,0.48364950413389474,
-0.1916342412451362,0.3848231986296262,
0.23851901348560314,0.13112179129244003,
-0.03980190755685986,0.9765338010115024,
-0.09155542658154384,0.7522982264089557,
-0.03551136363636363,0.995461529490594,
-0.02040816326530611,0.9379615647521958,
0.08403869407496976,0.5121969538352023,
-0.08159610616218202,0.7944506355024578,
-0.187055123323953,0.3988251352512746,
-0.18018018018018017,0.4204140702490514,
0.028636884306987395,0.7270517416236835,
0.0741222366710013,0.5481178311335975,
0.11049932116457986,0.42269917021447756,
0.24765729585006693,0.11870614778913643,
-0.15588437715072267,0.501998924205412,
0.1069182389937107,0.43424750356451447,
0.18026101141924958,0.23501955309436073,
0.08328450043949603,0.5122591322630821,
-0.09591395737157449,0.734072680197303,
0.29944802207911686,0.06480095176663594,
-0.04424407632627383,0.9569512246083927,
-0.060994823317578224,0.883439029346904,
-0.061926605504587166,0.8793732469179248,
0.07771706132361873,0.5349535403126158,
-0.0343262559340602,0.999309466161802,
-0.05494972383515084,0.9098864212411003,
0.000538793103448247,0.8464356130718486,
-0.2822920038847524,0.17056865273468835,
0.12925980212532062,0.3652046627642139,
0.0008093889113719113,0.8452640206202621,
-0.2620070285044905,0.20831816846975149,
0.00389581478183437,0.8319256155648891,
-0.07718570089704109,0.8133192257111946,
-0.1086359475129692,0.6817580657505519,
-0.004800139640425883,0.8696176758309196,
-0.23809523809523805,0.26017741274016626,
-0.16198240720875345,0.48076676383916384,
-0.060714285714285714,0.88466374701753,
-0.213768115942029,0.3214690550661532,
0.06624465049928674,0.5775137339791285,
-0.0021008403361344537,0.8578817990541787,
-0.22442588726513568,0.29354309941996803,
-0.04125437661744558,0.9701286959463946,
-0.09166164960866949,0.7518523529815826,
-0.08762980506467481,0.7688329172876227,
-0.08112284316250323,0.7964698090712035,
-0.2803085966201322,0.17401647751496385,
0.04823747680890538,0.6473542254637981,
0.057509505703422066,0.6109520675527549,
-0.01503506580843499,0.9143564265877764,
-0.18272864701436137,0.41233238738518274,
-0.07205789804908747,0.8353932704695918,
-0.06273919061965637,0.8758301652992337,
0.030484506606908286,0.719395099674204,
-0.04803819185439356,0.9402455784422341,
-0.09632169576059847,0.7323751469908861,
-0.2485677456316241,0.2364587447295119,
-0.10421002080998878,0.6998003328995878,
0.12487692812602562,0.37817977927095703,
-0.029554096094020047,0.9782560451630947,
0.2705597788527988,0.09162689443208603,
0.017204587890104022,0.7750085370388934,
-0.149322096005863,0.5253901616070553,
0.010260321834555384,0.8045769200745907,
0.18303375712406844,0.2290301634361538,
-0.08920730983742736,0.7535369208081631,
-0.18974564536112531,0.39056131125330407,
0.13649811726734803,0.3443934890853545,
0.2669172932330827,0.09556716514483984,
-0.3686635944700461,0.06460065951058198,
-0.2492782909930716,0.23490673534316597,
-0.21907534850891128,0.3073528106969653,
-0.21463757916959889,0.3191278959215037,
-0.21748554913294793,0.31153765216452056,
0.23048831385642743,0.14284361861610623,
0.20939208748793828,0.17745848156061128,
-0.20479394449116903,0.34628655298599753,
-0.15906070004430659,0.49087808734944594,
-0.3819197151181613,0.05469167322758902,
0.007975638051044065,0.8143687272423208,
0.011132506920207012,0.8008468483716913,
0.06334841628959277,0.5885048654613525,
-0.012714558169103636,0.904184033191395,
0.0045420623791325755,0.8692917190741868,
-0.0318471991492706,0.638994658739634,
0.17671172602764645,9.825484283354887e-06,
-0.00596966542252346,0.8088270571446674,
0.018473624097933305,0.7091729345080264,
-0.0051853327920470555,0.9972891295157548,
-0.18371347992123357,0.01488585921365882,
0.405562943345312,1.2003067994480055e-11,
-0.018858387017083072,0.7316583181796894,
0.4218424886535127,4.050571925090522e-12,
0.03247968385937018,0.5280314829941255,
-0.008423587315168178,0.9497456722456303,
0.04813137032842582,0.6112314183755436,
-0.01188800061780753,0.971577910352038,
0.20754808041196585,0.0003618742515299143,
0.05094334103440312,0.05118550178106237,
0.1405751040264944,0.000667601435531415,
0.0406775763979468,0.4172761292347079,
-0.02355948763936665,0.7005361231114076,
0.09915563862679454,0.00021295946915744264,
-4.722069040089961e-05,0.9799621348053805,
0.039693833709595706,0.1984489777959222,
-0.05663354970989461,0.3538073559433308,
0.09175281234088942,0.06762500837659635,
-0.01745845506225927,0.8505236770549511,
-0.0034221952950297782,0.9945917032150813,
-0.002216698567794896,0.9877453371573716,
-0.02053354145836322,0.7310866639854194,
-0.0034322491588391914,0.9886535445111948,
0.11565914818549823,2.2046989581858554e-05,
-0.006281905404197275,0.9996764736952575,
-0.00871665887877595,0.9745198236535924,
-0.021930599362197586,0.792418769470447,
-0.026318129142625903,0.7778738213426701,
-0.035298391877163084,0.7885493334632773,
-0.008106319620602197,0.9896979641081525,
0.1219772512426433,0.1713000256873679,
-0.03571428571428572,0.7852319280971831,
-0.08580649243814464,0.42573097807755567,
0.08180494707338977,0.34234124285099754,
-0.02630530409282163,0.861124233731025,
0.12907465465547688,0.1493095239121538,
0.11923249495226465,0.1821464254576598,
0.1956379904930561,0.03272929675653252,
-0.0462044609737286,0.7010008800126996,
0.1296398855563732,0.1492763810860727,
-0.07002779252412332,0.5272916204357965,
-0.09514487079091621,0.3714293106108333,
0.16646332246431578,0.06816360236071156,
-0.08795937081187839,0.4128175877583887,
0.105462789379605,0.23349907415551663,
0.0502335236118319,0.5348241585322351,
-0.018854545387570767,0.9210937960606459,
-0.05417361005908197,0.6427073550923894,
0.10313310533201735,0.24130451761539962,
-0.008791964851621066,0.9953966802519729,
-0.08556960116609282,0.42983745764179404,
0.07309148587801882,0.3904628785421458,
-0.04405276937663419,0.7196166143761742,
0.012550291238815823,0.8195690837241458,
0.04832022459715056,0.5480216559963917,
-0.04254550425747988,0.7313411793666522,
0.10867697594501718,0.21889007889751166,
0.032807984958800746,0.6613735919671859,
0.033292163366130556,0.6569163191115084,
0.045967774998975044,0.5644658344266661,
0.1392170285932625,0.12321946923413189,
-0.014465222832531382,0.9574682667521603,
0.18656145011329012,0.0412672418545668,
-0.0041469387755102335,0.9562798805957505,
0.012208624752890543,0.7835553070472786,
0.0035170028828593585,0.8953486536498824,
0.4797817434060009,5.207376237399409e-19,
0.17850446444984205,0.024822017533105555,
-0.059852953708350295,0.5215203605483077,
0.038725378886680345,0.5036333852479611,
0.28761599927458986,3.2793033218217643e-10,
0.2829644669137916,3.6758434741851474e-19,
0.10321009754674088,0.004061700392334099,
-0.012963419732090902,0.8592681260517371,
-0.004494772401827682,0.9035436343900349,
0.06740722396644228,0.10401390700445794,
0.001220583113795004,0.9360861320116659,
-0.03631126646370101,0.5811608128717478,
-0.061878181689438476,0.325056591897952,
-3.6569097264969694e-05,0.9528785098096211,
-0.005494783764661806,0.973610372545362,
-0.04432586009018245,0.49231136891949023,
0.010129849385613447,0.8246202840365036,
-0.17479914557163795,0.1485949966196482,
-0.15497997784783163,0.2048814062826041,
-0.22353833033260684,0.05843859234112957,
-0.05507782268466762,0.7062871686134222,
-0.014891938071450011,0.9852616772087078,
-0.10870670632255593,0.3924929472517942,
0.13313803122705065,0.19075641104869645,
-0.0626697710516104,0.6566438618951622,
0.16539824697035113,0.11198362013989943,
0.057875914104237924,0.5283904723200137,
-0.02595477956658352,0.9050214928822086,
-0.058487869853093316,0.6838187204504809,
-0.05848653910959673,0.6838274357659024,
-0.14391628474495569,0.24236284442484712,
0.02821780156039381,0.7143827680085557,
0.1058673469387755,0.28749934382011666,
0.23924566907652425,0.024582226582551714,
-0.15334283408818777,0.2101451455476827,
-0.02435959264927311,0.9180387197252331,
-0.14502430216042994,0.2349023251867718,
-0.17194128516773804,0.15589147303767367,
-0.07595266340673013,0.5734299185866201,
-0.11082903209536138,0.3821009033196566,
0.06880175353141744,0.4647763388360492,
0.0514858462863631,0.5663205586174587,
-0.19731618973790074,0.09990442054102226,
-0.10794870996856618,0.3962456483882484,
0.1058215451577802,0.29003718381576227,
0.2195917210093564,4.132784782699349e-06,
0.011473691562834348,0.703747352559666,
0.06492511415417622,0.11891905119796883,
-0.0014852091213103263,0.9915399721448693,
0.03402234593144822,0.41494236519273253,
0.11893327245723932,0.006155844016854937,
-0.003765814901734553,0.9672347454577263,
0.041405863443331074,0.3262616598070637,
0.06385296518263912,0.13272364608596438,
-0.03274333877941443,0.47314967748097814,
0.028083519372907623,0.4867572729426811,
0.00604733353382433,0.8542989465452031,
-0.0029058169983706148,0.9806787870917851,
0.0061930560319482025,0.8017959902768287,
0.20043779415075094,5.077888411318424e-34,
-0.0034210891840297376,0.944046972879115,
0.0665185126678849,0.2883208783172939,
0.000582068210741711,0.9393828441193641,
0.01889698543455838,0.7264450521655782,
-0.06404355065231027,0.3733992857181425,
0.0007900754178751691,0.9369090741985967,
-0.031282494336825915,0.6889077086196677,
-0.03181428270104598,0.6839567039567842,
-0.033885608865426776,0.6604767328076965,
0.0758797851692703,0.2294542841074284,
0.11539173843397849,0.0730561672226584,
-0.009089448263746362,0.9453509338481183,
0.016750282604388822,0.7506635586453627,
-0.0553716911724078,0.44696920601098045,
-0.000551913358419232,0.9528786287734707,
-0.005277100988939808,0.9907842265464701,
-0.010818865792837728,0.9251998114842104,
-0.0977404984178383,0.1633471794709518,
0.05635046344333472,0.3629293610836717,
0.029478777412901537,0.6114121091506632,
-0.09138948243626303,0.19396014580207754,
0.005262458738880151,0.8839066969084337,
-0.02907572711059781,0.7133608769656143,
-0.08324830107457847,0.23909972965981174,
-0.016525932333775337,0.8579244188670218,
0.021030208719585317,0.7026464198947672,
-0.025701584307989866,0.7513181235302608,
-0.0320775728971166,0.6801749118130977,
0.002221802945922041,0.9198997312850833,
0.16731816760561058,0.010205336758692278,
-0.0006477313267396306,0.9995941553634655,
-0.0006868036007370317,0.995070031448004,
0.04765172012844572,0.5526704933909923,
0.36391953591724385,1.1267306543369937e-11,
-0.04935875055898469,0.6155249340690343,
-0.02119704285902986,0.8662813757446391,
-0.0136995926086917,0.9271074942238474,
-0.055843650807411715,0.536626063811011,
-0.004237445748720214,0.9428551860890896,
0.046887448918235534,0.042029402349962004,
0.0023820769812851667,0.922096875610962,
-0.012149516523152918,0.9356924202183283,
-0.0059855813562770185,0.9996551060847302,
0.03640887191613662,0.5812688640152606,
-0.03574220321642469,0.6981229214048572,
-0.09851434859900111,0.2281522656176912,
-0.0012266113477574297,0.9509385055931061,
-0.0015845882284677736,0.9546507434743964,
0.036058926882011094,0.5843951790859778,
-0.00434978341573179,0.9836708986411928,
-0.10556785816374675,0.19464253003877607,
-0.00040639990607505455,0.9517977547301547,
0.01624066165734822,0.7262274704644165,
0.0038637251657008356,0.8768546359125322,
0.037956045616853805,0.05463673192634104,
0.136530592793251,6.2849286192143555e-12,
-0.008533139740711512,0.8027880928109488,
-0.013106816734522443,0.7999482980455674,
0.04145845599332928,0.4746045500707068,
-0.01137392079578987,0.9088466873784331,
0.009848582715176397,0.8267318169441715,
-0.009059670811817314,0.9377021747051878,
-0.014743687806188514,0.8670547010529974,
0.011385936334769253,0.8079423928847912,
0.04216434212737355,0.46778352786390953,
-0.014863640555745435,0.8655731622934617,
0.058957271139495074,0.32229663135145015,
0.019301490493183318,0.7131624233542315,
-0.05645735309071077,0.4108886088819632,
-0.026230603024945953,0.7280261443786276,
-0.0006695977729836651,0.9573984261220794,
0.01766439433680645,0.7327829522046168,
-0.02293395099072445,0.7672354735026582,
-0.007232874392125502,0.96025171919831,
0.02664482637364384,0.6295046208291837,
0.014428552944994373,0.7713410092239742,
0.08194314844380567,0.026916242748908983,
0.05888417212811666,0.022950615856506817,
0.033040797072820025,0.5050477092646495,
0.06540759709773794,0.460719477492752,
0.05261886354851179,0.5392251635412847,
0.1142371355671789,0.04026252069822211,
-0.006613623932808147,0.9424531350365561,
0.03686827324668758,0.5326842915129073,
-0.011849903993930874,0.8571102093329636,
-0.008343802668092815,0.9314775338861356,
-0.006432650451729321,0.9700202806385194,
-0.00913624502027347,0.9289839094086543,
0.033287119057050375,0.6817566310826102,
-0.05467575382073526,0.5228141678451499,
-0.01757438367809579,0.8533926912499294,
0.0877074809656892,0.08824584437424103,
0.048572523718790145,0.16494844392356345,
0.04453530376427715,0.31564935305471375,
-0.026924297362993246,0.6751267407151543,
0.06112702475256311,0.24147075447546995,
0.032158813530137484,0.4887756945286227,
0.018609148540471715,0.7051571881500373,
-0.0250369308560272,0.720013041371224,
0.34081450352234194,3.9396451979339156e-07,
0.0720423769563666,0.510994552072751,
0.3765498652291106,0.005154880923124687,
0.4418931930968077,0.001013344850247421,
-0.17012961313940836,0.2871179681195791,
-0.2598778735632184,0.10491303470678834,
0.08476190476190475,0.47366402908559035,
0.3535645472061657,0.012755432342345092,
0.2717697489283528,0.0489240993245067,
0.08349521959395113,0.47883934909406667,
-0.18503575570158481,0.2873142482115305,
-0.007279747989606971,0.9596640720418009,
-0.06432881876358551,0.5667953123118716,
-0.010358914076609774,0.9908180348917551,
-0.09955923938354391,0.3473277082783015,
0.06792071708117661,0.44607995456469807,
-0.09639107448683262,0.4050658114752278,
0.03629172294038203,0.6483264902980149,
0.11458945512551423,0.22298744123216974,
0.06435431315383297,0.46693409024506305,
0.08801972134791894,0.3369032985526963,
-0.04546921311788891,0.7379216100852992,
-0.11458143352179463,0.3127533769134512,
-0.17413727458378034,0.11435154145491726,
0.0262773995660956,0.7188320226754699,
-0.015842854985654627,0.9616399045323478,
0.03900642532518414,0.6285444930566425,
-0.13734087250987687,0.22129904951474755,
0.10057079570625323,0.27910677416743557,
-0.1595517506733359,0.150468522135526,
0.06925979159180738,0.4366215321283853,
-0.14427936430615595,0.19698745895968328,
0.01431404912825778,0.8074569076178344,
0.05716264300513469,0.5105849217345089,
-0.05469626579872219,0.6692076525193102,
0.09688417463774975,0.2973806473849553,
0.232753577357894,0.01791075466813856,
0.28036253776435055,0.004855714583169605,
0.08726974537637595,0.3425760973855507,
-0.050172990361139085,0.7015279171399724,
0.14704945195003818,0.12670973003931593,
-0.008170204944398496,0.979968933231088,
-0.15973442047033537,0.14996783363027072,
0.015403954320777225,0.7992602841820824,
0.0035794454892920107,0.8888703436240556,
0.020481568778641338,0.7613785566242834,
0.015714008913001357,0.7971132041124174,
-0.0850336952452265,0.4701792568169414,
-0.019371256828203516,0.9344731036714069,
0.11467189329532146,0.2226832436087891,
0.19630574834272196,0.04511775074694693,
0.10923912160075423,0.2433700253182418,
0.06112112472963228,0.4862979864374528,
-0.18688572259377728,0.08681736339398158,
-0.010130891492615233,0.9943002962640474,
-0.12132659876440141,0.28235661931474654,
0.15528659189539537,0.10808373300539546,
0.3242811501597444,0.001124684264133191,
0.11703587336939228,0.21610550874856582,
-0.0797308534685703,0.5024554817905431,
0.02387414555689586,0.736870757404461,
0.05585750030764182,0.5187293035182984,
0.006823027718550112,0.8643200028577747,
-0.0504942559444296,0.7015690913089452,
-0.09986139052257695,0.3862994845058434,
0.12163629879393076,0.2000390736437453,
0.1069754115440717,0.25237649988576194,
0.02903151065801668,0.6995884392374803,
-0.023305172916059762,0.9835673812094163,
0.1789099526066351,0.20960866224572883,
-0.06167536054004295,0.8474151387397643,
-0.13820696084524553,0.5164379003245381,
-0.18765760717287755,0.3360516598686131,
0.2037037037037037,0.16444313908903208,
-0.035420966179505534,0.9714112082555899,
-0.2532362459546925,0.17428901535945318,
0.2547052996532937,0.09017943895145102,
-0.10082659478885894,0.6621637093164103,
-0.029682554238921896,0.9987114428654106,
-0.03925765123263559,0.9531750523173049,
-0.03660806842913667,0.9612399416660427,
-0.29272840273461775,0.11632212554958025,
0.13182269268938143,0.3362557568882141,
0.08583997146593746,0.48903340480738045,
0.07734016419936648,0.5243462382087765,
-0.185114251750099,0.3438343816474636,
0.09155701754385963,0.47063370980054897,
-0.19502074688796675,0.3233098801471581,
-0.025724243391865062,0.7894436349201499,
0.08866250012822115,0.11992113845136523,
-0.008766539108233117,0.8653204816961599,
-0.09111012115747476,0.19762029616982701,
0.5765770679684576,1.2461663625282837e-23,
0.004339742458178691,0.8918265587632395,
0.12586124618127376,0.1478857208328668,
0.011866950406557119,0.7229642547621224,
-0.0033040071941682295,0.98145347301965,
0.19208610611420718,0.00029528442255214756,
0.027589854636457065,0.7061458846800465,
-0.10293226498678995,0.3519897267644714,
0.42614800717246953,6.217400099389949e-22,
0.2617274112538112,0.006671242826856333,
-0.0006359406496017982,0.9927295960499711,
-0.014777822784727562,0.6256651350873181,
0.009684756078428985,0.7233618298031677,
-0.008340501327155747,0.9207629738988179,
-0.009385916580447125,0.8503738546949404,
-0.0015478935527659904,0.9864308539868248,
-0.04321908868608727,0.5388968509594632,
0.16608656517134357,0.00021760115862171843,
-0.09925648021828098,0.3046769154151646,
-0.20306977755519234,0.03589117693717249,
0.07201008201217912,0.07327366658222878,
0.007709890020791593,0.8045663858868735,
-0.0415055726776425,0.3347104541529974,
-0.0237296360432869,0.593474596455936,
0.0009734933979759186,0.9485992963597757,
0.03434618741654408,0.26580552353767306,
0.01964480392373339,0.5253507545032199,
0.21736049945694877,2.9287618052323994e-10,
0.009009137668607978,0.7487577341424276,
0.19275593449058456,6.302711206586281e-07,
-0.012151708014558163,0.9585200339476783,
0.18354899061456975,0.0008163818820394818,
0.49424980898803006,1.4276001202549464e-38,
-0.0021456580464759515,0.9996094915327063,
-0.004776538129654962,0.9581766192732124,
0.0049030041600909005,0.8583923742056725,
0.005847964311590445,0.7598587580806337,
